"1313540912","T694322C","OMT","NY","NY","17","OTHER/UNKNOWN AGENCIES","NO STANDING-DAY/TIME LIMITS","HEARING HELD-GUILTY","42447","10:38A","","0","115","0","115","0","0"
"1335664579","XU694Z","PAS","NY","NJ","1","FIRE DEPARTMENT","FIRE HYDRANT","","42450","01:01P","","0","125","10","115","0","0"
"1345459683","GGP2934","PAS","K","NY","84","CON RAIL","NO STANDING-EXC. AUTH. VEHICLE","","42444","08:00A","","0","105","10","95","0","0"
"1363047231","HXL8614","PAS","K","PA","60","DEPARTMENT OF SANITATION","NO PARKING-STREET CLEANING","","42436","11:46A","","0","75","30","45","0","0"
"1364118312","GUD4402","PAS","NY","NY","34","POLICE DEPARTMENT","NO PARKING-DAY/TIME LIMITS","","42454","01:40A","","0","60","10","60","0","10"
"1375739827","23614MG","COM","BX","NY","45","POLICE DEPARTMENT","FIRE HYDRANT","HEARING HELD-GUILTY REDUCTION","42454","06:55A","","0","105","0","115","0","10"
"1376050870","GSV4105","PAS","BX","NY","44","POLICE DEPARTMENT","DOUBLE PARKING","HEARING HELD-NOT GUILTY","42453","02:30P","","0","0","10","115","0","125"
"1377382102","GVS8079","PAS","BX","NY","47","POLICE DEPARTMENT","OBSTRUCTING DRIVEWAY","HEARING HELD-GUILTY","42447","02:20P","","0","95","0","95","0","0"
"1378308748","GRB7732","PAS","NY","NY","19","OTHER/UNKNOWN AGENCIES","NO STANDING-COMM METER ZONE","","42430","09:00A","","0","145","30","115","0","0"
"1382876154","HCD1912","PAS","NY","NY","1","OTHER/UNKNOWN AGENCIES","NO STOPPING-DAY/TIME LIMITS","","42454","02:25P","","0","125","10","115","0","0"
"1386549125","GRB7185","PAS","Q","NY","105","POLICE DEPARTMENT","INSP. STICKER-EXPIRED/MISSING","","42442","10:15P","","0","75","10","65","0","0"
"1387390909","62168MB","COM","NY","NY","30","POLICE DEPARTMENT","DOUBLE PARKING","HEARING HELD-NOT GUILTY","42451","02:34P","","0","0","0","115","0","115"
"1388197893","2XN764","999","K","MA","66","POLICE DEPARTMENT","NO PARKING-STREET CLEANING","","42446","09:22A","","0","55","10","45","0","0"
"1388198824","GTE6379","PAS","K","NY","66","POLICE DEPARTMENT","FIRE HYDRANT","HEARING HELD-GUILTY","42455","08:21A","","0","125","10","115","0","0"
"1388199014","GPN1868","PAS","K","NY","66","POLICE DEPARTMENT","NO PARKING-DAY/TIME LIMITS","HEARING HELD-GUILTY","42453","10:30A","","0","60","0","60","0","0"
"1388199634","FRX9372","PAS","K","NY","66","POLICE DEPARTMENT","FIRE HYDRANT","HEARING HELD-GUILTY","42447","04:36A","","0","115","0","115","0","0"
"1388200028","GLJ2693","PAS","K","NY","66","POLICE DEPARTMENT","FIRE HYDRANT","HEARING HELD-GUILTY","42445","01:06P","","0","125","10","115","0","0"
"1388226674","T69184C","OMT","K","NY","66","POLICE DEPARTMENT","FIRE HYDRANT","APPEAL REVERSED","42456","11:25A","","0","0","0","115","0","115"
"1388227046","15453MG","COM","K","NY","66","POLICE DEPARTMENT","DOUBLE PARKING","HEARING HELD-GUILTY","42438","02:29P","","0","125","10","115","0","0"
"1388228075","T607947C","OMT","K","NY","66","POLICE DEPARTMENT","OBSTRUCTING DRIVEWAY","","42437","11:35A","","0","125","30","95","0","0"
"1388228488","34956ME","COM","K","NY","66","POLICE DEPARTMENT","NGHT PKG ON RESID STR-COMM VEH","","42436","12:33A","","0","95","30","65","0","0"
"1388228543","EHL6641","PAS","K","NY","66","POLICE DEPARTMENT","SIDEWALK","HEARING HELD-GUILTY","42444","06:44A","","0","115","0","115","0","0"
"1388230379","GTR2771","PAS","K","NY","66","POLICE DEPARTMENT","NO STANDING-BUS STOP","HEARING HELD-GUILTY","42442","11:59A","","0","115","0","115","0","0"
"1388230392","GTR2771","PAS","K","NY","66","POLICE DEPARTMENT","FRONT OR BACK PLATE MISSING","HEARING HELD-GUILTY","42442","11:59A","","0","65","0","65","0","0"
"1388543941","22870MH","COM","NY","NY","18","POLICE DEPARTMENT","NO STANDING-EXC. TRUCK LOADING","HEARING HELD-NOT GUILTY","42446","02:40A","","0","0","10","95","0","105"
"1388666091","HBW2163","PAS","K","NY","88","POLICE DEPARTMENT","NO PARKING-DAY/TIME LIMITS","","42456","01:57A","","0","70","10","60","0","0"
"1388885426","GWU8579","PAS","BX","NY","0","POLICE DEPARTMENT","PEDESTRIAN RAMP","","42448","02:58P","","0","175","10","165","0","0"
"1398580612","T685841C","OMT","","NY","33","POLICE DEPARTMENT","FIRE HYDRANT","","42433","01:13A","","0","145","30","115","0","0"
"1398796505","87081MC","COM","NY","NY","27","POLICE DEPARTMENT","NO STANDING-DAY/TIME LIMITS","HEARING HELD-GUILTY","42432","02:31P","","0","115","0","115","0","0"
"1398837209","J47EHH","PAS","NY","NJ","33","POLICE DEPARTMENT","DOUBLE PARKING","","42454","07:35P","","0","115","0","115","0","0"
"1398839966","JVV1422","PAS","NY","PA","33","POLICE DEPARTMENT","FIRE HYDRANT","","42442","02:44P","","0","125","10","115","0","0"
"1398840518","JVH4865","PAS","NY","PA","33","POLICE DEPARTMENT","NO STANDING-DAY/TIME LIMITS","HEARING HELD-NOT GUILTY","42438","02:32A","","0","0","10","115","0","125"
"1398847847","V11AJW","PAS","NY","NJ","33","POLICE DEPARTMENT","NO STANDING-EXC. AUTH. VEHICLE","","42453","02:27P","","0","105","10","95","0","0"
"1398874711","40813ME","COM","","NY","33","POLICE DEPARTMENT","FIRE HYDRANT","HEARING HELD-GUILTY REDUCTION","42460","05:00P","","0","105","0","115","0","10"
"1398880863","EDK6229","PAS","NY","NY","1","POLICE DEPARTMENT","NO STANDING-BUS STOP","HEARING HELD-GUILTY","42450","01:19P","","0","115","0","115","0","0"
"1398880930","74974ME","COM","NY","NY","1","POLICE DEPARTMENT","EXPIRED MUNI MTR-COMM MTR ZN","HEARING PENDING","42450","02:10P","","0","65","0","65","0","0"
"1398881284","HBU4322","PAS","NY","NY","1","POLICE DEPARTMENT","NO PARKING-DAY/TIME LIMITS","","42451","06:09P","","0","75","10","65","0","0"
"1398888023","GRD8436","PAS","NY","NY","1","POLICE DEPARTMENT","NO PARKING-DAY/TIME LIMITS","HEARING HELD-GUILTY","42430","06:09P","","0","75","10","65","0","0"
"1398890571","38969AN","COM","NY","NY","19","POLICE DEPARTMENT","FAIL TO DSPLY MUNI METER RECPT","HEARING HELD-NOT GUILTY","42443","10:13A","","0","0","10","65","0","75"
"1398909610","63454JD","COM","NY","NY","20","POLICE DEPARTMENT","TRAFFIC LANE","HEARING HELD-GUILTY REDUCTION","42445","11:25A","","0","40","0","115","0","75"
"1398910909","98197MD","COM","NY","NY","18","POLICE DEPARTMENT","NO PARKING-DAY/TIME LIMITS","HEARING HELD-NOT GUILTY","42445","05:35P","","0","0","0","65","0","65"
"1398910971","XBHV51","PAS","NY","NJ","18","POLICE DEPARTMENT","NO STANDING-EXC. AUTH. VEHICLE","HEARING HELD-NOT GUILTY","42451","05:51P","","0","0","0","95","0","95"
"1398911173","37897MH","COM","NY","NY","0","POLICE DEPARTMENT","FAIL TO DSPLY MUNI METER RECPT","HEARING HELD-GUILTY REDUCTION","42452","01:09P","","0","20","0","65","0","45"
"1399110950","HFD2938","PAS","NY","NY","19","DEPARTMENT OF SANITATION","NO PARKING-STREET CLEANING","","42459","07:50A","","0","75","10","65","0","0"
"1399146956","BAW2562","PAS","NY","NC","23","DEPARTMENT OF SANITATION","NO PARKING-STREET CLEANING","","42457","11:35A","","0","55","10","45","0","0"
"1399161982","FTK3166","PAS","NY","NY","19","DEPARTMENT OF SANITATION","NO STANDING-DAY/TIME LIMITS","HEARING HELD-GUILTY","42439","07:50A","","0","115","0","115","0","0"
"1399378958","22869MH","COM","NY","NY","20","OTHER/UNKNOWN AGENCIES","SIDEWALK","HEARING HELD-NOT GUILTY","42453","12:13P","","0","0","10","115","0","125"
"1399468960","VHB2908","PAS","K","VA","84","OTHER/UNKNOWN AGENCIES","NO PARKING-EXC. HNDICAP PERMIT","","42439","09:38A","","0","190","10","180","0","0"
"1399561194","6N25H","OMT","NY","NY","10","PARKS DEPARTMENT","NO STOPPING-DAY/TIME LIMITS","HEARING HELD-GUILTY","42446","09:54A","","0","115","0","115","0","0"
"1399764962","GYA3808","PAS","BX","NY","41","POLICE DEPARTMENT","NO STANDING-BUS STOP","","42442","05:48P","","0","125","10","115","0","0"
"1399767720","HFB2627","PAS","BX","NY","41","POLICE DEPARTMENT","NO STANDING-DAY/TIME LIMITS","","42460","02:38A","","0","125","10","115","0","0"
"1399775789","HCG2668","PAS","BX","NY","52","POLICE DEPARTMENT","PEDESTRIAN RAMP","HEARING HELD-NOT GUILTY","42457","00:27A","","0","0","10","165","0","175"
"1399790262","42959JZ","999","BX","99","47","POLICE DEPARTMENT","DOUBLE PARKING","HEARING HELD-NOT GUILTY","42432","11:50A","","0","0","10","115","0","125"
"1399853340","Y67DIJ","PAS","BX","FL","50","POLICE DEPARTMENT","PEDESTRIAN RAMP","","42442","08:25A","","0","175","10","165","0","0"
"1399962012","GMK1179","PAS","BX","NY","49","POLICE DEPARTMENT","DOUBLE PARKING","","42460","07:03P","","0","125","10","115","0","0"
"1399967472","GZH7914","PAS","BX","NY","44","POLICE DEPARTMENT","DOUBLE PARKING","","42438","05:30P","","0","145","30","115","0","0"
"1399967654","JTG2738","PAS","BX","PA","44","POLICE DEPARTMENT","NO PARKING-DAY/TIME LIMITS","","42436","09:42P","","0","70","10","60","0","0"
"1400103370","23614MG","COM","BX","NY","49","POLICE DEPARTMENT","NGHT PKG ON RESID STR-COMM VEH","HEARING HELD-GUILTY REDUCTION","42452","02:10A","","0","28","0","65","0","37"
"1400126873","HDF3690","PAS","Q","NY","115","POLICE DEPARTMENT","FIRE HYDRANT","","42436","01:15A","","0","145","30","115","0","0"
"1400128390","T604827C","OMT","Q","NY","115","POLICE DEPARTMENT","NO STANDING-DAY/TIME LIMITS","HEARING HELD-NOT GUILTY","42430","03:40A","","0","0","30","115","0","145"
"1400173711","ECB8799","PAS","Q","NY","104","POLICE DEPARTMENT","CROSSWALK","","42432","10:43A","","0","145","30","115","0","0"
"1400233306","GPN1495","PAS","Q","NY","108","POLICE DEPARTMENT","OVERTIME STDG D/S","","42449","03:55A","","0","83","10","73","0","0"
"1400237701","GEU9582","PAS","Q","NY","115","POLICE DEPARTMENT","OBSTRUCTING DRIVEWAY","HEARING HELD-GUILTY","42457","12:45P","","0","95","0","95","0","0"
"1400427629","FXV8209","PAS","K","NY","67","POLICE DEPARTMENT","DOUBLE PARKING","HEARING HELD-GUILTY","42451","04:42P","","0","115","0","115","0","0"
"1400532450","XCCK31","PAS","","NJ","0","POLICE DEPARTMENT","EXPIRED MUNI METER","HEARING HELD-NOT GUILTY","42452","03:33P","","0","0","0","35","0","35"
"1400538439","38409MD","COM","K","NY","73","POLICE DEPARTMENT","NO PARKING-STREET CLEANING","","42430","09:56A","","0","75","30","45","0","0"
"1400544040","HDW2574","PAS","Q","NY","107","POLICE DEPARTMENT","NO PARKING-STREET CLEANING","HEARING HELD-GUILTY","42459","10:42A","","0","45","0","45","0","0"
"1400583457","XAAH14","PAS","K","NJ","76","POLICE DEPARTMENT","DOUBLE PARKING","HEARING HELD-NOT GUILTY","42458","03:07P","","0","0","10","115","0","125"
"1400584802","GLV7771","PAS","K","NY","76","POLICE DEPARTMENT","NO STANDING-DAY/TIME LIMITS","HEARING HELD-GUILTY","42440","04:10P","","0","115","0","115","0","0"
"1400587750","DFJP41","PAS","K","FL","76","POLICE DEPARTMENT","NO STANDING-BUS STOP","","42445","05:05P","","0","125","10","115","0","0"
"1400618629","ZNP36S","PAS","NY","NJ","28","POLICE DEPARTMENT","FIRE HYDRANT","","42453","12:35A","","0","125","10","115","0","0"
"1400672910","27153MH","PAS","NY","NY","23","POLICE DEPARTMENT","DOUBLE PARKING","HEARING HELD-NOT GUILTY","42445","06:00A","","0","0","10","115","0","125"
"1400692684","GXA9366","PAS","NY","NY","28","POLICE DEPARTMENT","DOUBLE PARKING","HEARING HELD-GUILTY","42430","01:37P","","0","125","10","115","0","0"
"1400790750","GLP4448","PAS","K","NY","78","POLICE DEPARTMENT","NO STANDING-BUS STOP","","42443","08:15P","42593","178.78","0","60","115","4","0.22"
"1400850071","S69ELH","PAS","K","NJ","78","POLICE DEPARTMENT","FIRE HYDRANT","","42441","00:45P","","0","125","10","115","0","0"
"1401130409","64760MA","COM","BX","NY","52","DEPARTMENT OF SANITATION","STORAGE-3HR COMMERCIAL","","42445","03:50A","","0","75","10","65","0","0"
"1401130410","64760MA","COM","BX","NY","52","DEPARTMENT OF SANITATION","STORAGE-3HR COMMERCIAL","","42446","03:45A","","0","75","10","65","0","0"
"1401313644","24701SH","COM","K","NY","60","POLICE DEPARTMENT","NO STANDING-DAY/TIME LIMITS","","42446","11:21A","","0","125","10","115","0","0"
"1401322153","T679877C","OMT","K","NY","60","POLICE DEPARTMENT","NO STANDING-DAY/TIME LIMITS","HEARING HELD-GUILTY","42438","12:23P","","0","115","0","115","0","0"
"1401325300","HDC5075","PAS","K","NY","60","POLICE DEPARTMENT","NO STANDING-BUS STOP","","42453","01:08P","","0","125","10","115","0","0"
"1401325488","FJB4105","PAS","K","NY","60","POLICE DEPARTMENT","DOUBLE PARKING","","42453","08:56A","","0","125","10","115","0","0"
"1401349055","GNW7580","PAS","K","NY","60","POLICE DEPARTMENT","REG. STICKER-EXPIRED/MISSING","","42449","02:56A","","0","75","10","65","0","0"
"1401443357","GFD910","PAS","K","VT","94","POLICE DEPARTMENT","OBSTRUCTING DRIVEWAY","","42460","12:28A","","0","105","10","95","0","0"
"1401784392","GXG5570","PAS","K","NY","71","POLICE DEPARTMENT","NO STANDING-BUS STOP","HEARING HELD-NOT GUILTY","42446","05:38P","","0","0","10","115","0","125"
"1401810974","GZX6170","PAS","","NY","71","POLICE DEPARTMENT","NO STANDING-BUS STOP","HEARING HELD-NOT GUILTY","42458","12:16A","","0","0","10","115","0","125"
"1401832374","AKY3804","PAS","K","WA","71","POLICE DEPARTMENT","DOUBLE PARKING","HEARING HELD-GUILTY","42434","08:10A","","0","115","0","115","0","0"
"1401851484","HEH5836","PAS","K","NY","71","POLICE DEPARTMENT","FIRE HYDRANT","","42447","09:00P","","0","125","10","115","0","0"
"1401884090","T670505C","OMT","K","NY","60","DEPARTMENT OF SANITATION","NO PARKING-STREET CLEANING","HEARING HELD-GUILTY","42436","08:20A","","0","45","0","45","0","0"
"1402122755","HDS3825","PAS","K","NY","72","POLICE DEPARTMENT","DOUBLE PARKING","HEARING HELD-GUILTY","42432","05:05P","","0","125","10","115","0","0"
"1402122810","63315BA","OMR","K","NY","72","POLICE DEPARTMENT","DOUBLE PARKING","HEARING HELD-NOT GUILTY","42442","02:21P","","0","0","10","115","0","125"
"1402127315","37892MH","COM","K","NY","68","POLICE DEPARTMENT","NGHT PKG ON RESID STR-COMM VEH","HEARING HELD-GUILTY REDUCTION","42460","03:37A","","0","28","0","65","0","37"
"1402141919","R97FKK","PAS","K","NJ","72","POLICE DEPARTMENT","FIRE HYDRANT","","42433","02:42A","42544","0","178.09","60","115","3.26","0.17"
"1402179777","FGP3616","PAS","K","NY","69","POLICE DEPARTMENT","NO STANDING-DAY/TIME LIMITS","","42448","07:05P","","0","125","10","115","0","0"
"1402194997","FGP3616","PAS","K","NY","69","POLICE DEPARTMENT","INSP. STICKER-EXPIRED/MISSING","","42448","07:05P","","0","75","10","65","0","0"
"1402268105","HDU5630","PAS","K","NY","67","POLICE DEPARTMENT","NO PARKING-DAY/TIME LIMITS","","42454","10:53A","","0","70","10","60","0","0"
"1402343668","L59FNV","PAS","K","NJ","81","POLICE DEPARTMENT","NO PARKING-DAY/TIME LIMITS","","42436","10:06A","","0","70","10","60","0","0"
"1402356389","DLW1277","PAS","K","NY","81","POLICE DEPARTMENT","NO STANDING-DAY/TIME LIMITS","","42433","08:28A","","0","125","10","115","0","0"
"1402357199","T679877C","OMT","K","NY","81","POLICE DEPARTMENT","NO STANDING-DAY/TIME LIMITS","HEARING HELD-GUILTY","42438","10:30A","","0","125","10","115","0","0"
"1402358970","HDS3891","PAS","K","NY","81","POLICE DEPARTMENT","NO STANDING-DAY/TIME LIMITS","","42450","09:55A","","0","125","10","115","0","0"
"1402359123","FZJ2884","PAS","K","NY","81","POLICE DEPARTMENT","DOUBLE PARKING","","42451","10:42A","","0","125","10","115","0","0"
"1402359299","DFA6612","PAS","K","NC","81","POLICE DEPARTMENT","NO STANDING-DAY/TIME LIMITS","","42453","08:10A","","0","125","10","115","0","0"
"1402367302","OABSMO","PAS","NY","CT","20","POLICE DEPARTMENT","NO STANDING-EXC. AUTH. VEHICLE","","42442","02:18P","","0","105","10","95","0","0"
"1402412071","FRY8412","PAS","","NY","61","POLICE DEPARTMENT","DOUBLE PARKING","HEARING HELD-NOT GUILTY","42460","09:02A","","0","0","10","115","0","125"
"1402659570","GMS5349","PAS","Q","NY","107","POLICE DEPARTMENT","OBSTRUCTING DRIVEWAY","","42459","03:05P","","0","105","10","95","0","0"
"1402819572","FCN4584","PAS","Q","NY","105","POLICE DEPARTMENT","OBSTRUCTING DRIVEWAY","","42454","12:08P","","0","105","10","95","0","0"
"1402865636","GZZ9551","PAS","Q","NY","106","POLICE DEPARTMENT","OBSTRUCTING DRIVEWAY","","42435","08:00A","","0","125","30","95","0","0"
"1403070738","GYG9144","PAS","NY","NY","34","POLICE DEPARTMENT","NO STANDING-BUS LANE","HEARING HELD-NOT GUILTY","42431","07:08A","","0","0","30","115","0","145"
"1403089838","42449JJ","COM","NY","NY","26","POLICE DEPARTMENT","NGHT PKG ON RESID STR-COMM VEH","HEARING HELD-GUILTY","42432","02:25A","","0","65","0","65","0","0"
"1403238261","T664072C","OMT","NY","NY","19","POLICE DEPARTMENT","OBSTRUCTING TRAFFIC/INTERSECT","HEARING HELD-GUILTY","42456","07:00P","","0","115","0","115","0","0"
"1403269725","XCYD29","PAS","NY","NJ","24","POLICE DEPARTMENT","DOUBLE PARKING","HEARING HELD-NOT GUILTY","42455","07:30P","","0","0","0","115","0","115"
"1403270016","59722MA","COM","NY","NY","24","POLICE DEPARTMENT","TRAFFIC LANE","HEARING HELD-NOT GUILTY","42449","11:34A","","0","0","0","115","0","115"
"1403270028","XCCK22","PAS","NY","NJ","24","POLICE DEPARTMENT","TRAFFIC LANE","HEARING HELD-NOT GUILTY","42449","11:37A","","0","0","0","115","0","115"
"1403344322","JYF6430","PAS","NY","PA","13","POLICE DEPARTMENT","NO STANDING-DAY/TIME LIMITS","","42433","02:36A","","0","125","10","115","0","0"
"1403578618","HDK4806","PAS","K","NY","81","POLICE DEPARTMENT","FIRE HYDRANT","","42445","07:58P","","0","125","10","115","0","0"
"1403600417","ADT3013","PAS","NY","NY","13","DEPARTMENT OF SANITATION","NO PARKING-STREET CLEANING","","42431","11:14A","","0","95","30","65","0","0"
"1403600545","FSL1872","PAS","NY","NY","13","PORT AUTHORITY","NO PARKING-DAY/TIME LIMITS","HEARING HELD-GUILTY","42457","06:54P","","0","65","0","65","0","0"
"1403627060","FFZ8408","PAS","NY","NY","9","POLICE DEPARTMENT","DOUBLE PARKING","","42443","12:12P","","0","125","10","115","0","0"
"1403632911","932LYQ","PAS","NY","FL","25","POLICE DEPARTMENT","NO PARKING-EXC. AUTH. VEHICLE","","42445","11:35A","","0","70","10","60","0","0"
"1403633332","AB39426","PAS","NY","CT","25","POLICE DEPARTMENT","SIDEWALK","","42446","03:40P","","0","65","10","55","0","0"
"1403644305","FRG5922","PAS","NY","NY","25","POLICE DEPARTMENT","PEDESTRIAN RAMP","HEARING HELD-NOT GUILTY","42458","08:30A","","0","0","10","165","0","175"
"1403645711","GGL4389","PAS","","NY","23","POLICE DEPARTMENT","NO PARKING-DAY/TIME LIMITS","HEARING HELD-NOT GUILTY","42455","02:54P","","0","0","10","60","0","70"
"1403646077","932LYQ","PAS","NY","FL","25","POLICE DEPARTMENT","NO PARKING-EXC. AUTH. VEHICLE","","42445","10:10P","","0","70","10","60","0","0"
"1403721002","HEJ1372","PAS","K","NY","72","POLICE DEPARTMENT","NO PARKING-STREET CLEANING","","42444","12:00P","","0","55","10","45","0","0"
"1403727521","XBHV47","PAS","NY","NJ","18","POLICE DEPARTMENT","NO STANDING-DAY/TIME LIMITS","HEARING HELD-NOT GUILTY","42434","07:08P","","0","0","0","115","0","115"
"1403777330","GCL6016","PAS","BX","NY","40","POLICE DEPARTMENT","NO STANDING-DAY/TIME LIMITS","HEARING ADJOURNMENT","42453","12:40P","","0","115","0","115","0","0"
"1403910443","86798MC","COM","R","NY","123","POLICE DEPARTMENT","NGHT PKG ON RESID STR-COMM VEH","","42456","10:37P","","0","75","10","65","0","0"
"1403912063","T464953C","OMT","K","NY","62","POLICE DEPARTMENT","NO PARKING-DAY/TIME LIMITS","","42444","10:48A","","0","70","10","60","0","0"
"1403912257","GFC7857","PAS","K","NY","62","POLICE DEPARTMENT","FIRE HYDRANT","","42451","05:08A","","0","125","10","115","0","0"
"1404197357","GRC2243","PAS","Q","NY","109","OTHER/UNKNOWN AGENCIES","NO STANDING-EXC. AUTH. VEHICLE","","42449","10:00A","","0","105","10","95","0","0"
"1404314593","GUJ2738","PAS","Q","NY","114","POLICE DEPARTMENT","FIRE HYDRANT","HEARING HELD-GUILTY","42431","02:10A","","0","125","10","115","0","0"
"1404322243","T688957C","OMT","Q","NY","114","POLICE DEPARTMENT","DOUBLE PARKING","","42460","01:22A","","0","125","10","115","0","0"
"1404330392","71269ME","COM","Q","NY","112","POLICE DEPARTMENT","DOUBLE PARKING","HEARING HELD-NOT GUILTY","42431","10:17A","","0","0","0","115","0","115"
"1404330434","59722MA","COM","Q","NY","112","POLICE DEPARTMENT","DOUBLE PARKING","HEARING HELD-NOT GUILTY","42432","09:39A","","0","0","0","115","0","115"
"1404330562","71269ME","COM","Q","NY","112","POLICE DEPARTMENT","DOUBLE PARKING","HEARING HELD-NOT GUILTY","42433","10:26A","","0","0","0","115","0","115"
"1404330940","GXN7003","PAS","Q","NY","112","POLICE DEPARTMENT","FIRE HYDRANT","","42435","02:35A","","0","145","30","115","0","0"
"1404345231","3AELF2","PAS","Q","CT","110","POLICE DEPARTMENT","FIRE HYDRANT","","42433","03:18A","","0","125","10","115","0","0"
"1404397863","GJX6079","PAS","Q","NY","104","POLICE DEPARTMENT","NO PARKING-DAY/TIME LIMITS","","42431","02:15A","","0","90","30","60","0","0"
"1404401829","71269ME","COM","Q","NY","112","POLICE DEPARTMENT","DOUBLE PARKING","HEARING HELD-NOT GUILTY","42436","02:20P","","0","0","0","115","0","115"
"1404401830","XCCK28","PAS","Q","NJ","112","POLICE DEPARTMENT","DOUBLE PARKING","HEARING HELD-NOT GUILTY","42435","10:15A","","0","0","0","115","0","115"
"1404405975","82891MC","COM","Q","NY","112","POLICE DEPARTMENT","DOUBLE PARKING","HEARING HELD-NOT GUILTY","42433","09:10A","","0","0","0","115","0","115"
"1404530861","HFV9156","PAS","K","NY","94","POLICE DEPARTMENT","OBSTRUCTING DRIVEWAY","","42458","12:22P","","0","105","10","95","0","0"
"1404560063","HBE5904","PAS","K","NY","79","POLICE DEPARTMENT","NO PARKING-STREET CLEANING","","42440","09:36A","","0","55","10","45","0","0"
"1404562217","JYV0863","PAS","K","PA","88","POLICE DEPARTMENT","NO STANDING-BUS STOP","","42442","04:27P","","0","125","10","115","0","0"
"1404566387","GZT4252","PAS","K","NY","88","POLICE DEPARTMENT","OBSTRUCTING DRIVEWAY","","42452","10:57P","","0","105","10","95","0","0"
"1404566429","GZT4252","PAS","K","NY","88","POLICE DEPARTMENT","OBSTRUCTING DRIVEWAY","","42453","08:34P","","0","105","10","95","0","0"
"1404567124","FCZ1455","PAS","K","NY","83","POLICE DEPARTMENT","NO PARKING-STREET CLEANING","","42460","08:50A","","0","55","10","45","0","0"
"1404671535","YTV4661","PAS","NY","PA","17","POLICE DEPARTMENT","TRAFFIC LANE","HEARING HELD-GUILTY REDUCTION","42433","02:35P","","0","40","0","115","0","75"
"1404701310","EAD6882","PAS","NY","NY","7","POLICE DEPARTMENT","PEDESTRIAN RAMP","","42455","12:35P","","0","175","10","165","0","0"
"1404720510","22870MH","COM","NY","NY","18","POLICE DEPARTMENT","NO STANDING-EXC. TRUCK LOADING","HEARING HELD-NOT GUILTY","42460","12:05A","","0","0","10","95","0","105"
"1404725283","GHP8199","PAS","NY","NY","7","POLICE DEPARTMENT","NO PARKING-STREET CLEANING","HEARING HELD-NOT GUILTY","42444","09:16A","","0","0","10","65","0","75"
"1404730758","20035MH","COM","NY","NY","13","POLICE DEPARTMENT","TRAFFIC LANE","HEARING HELD-GUILTY REDUCTION","42460","05:05P","","0","40","0","115","0","75"
"1404732690","V873731","PAS","NY","IL","17","POLICE DEPARTMENT","FIRE HYDRANT","","42435","11:40P","","0","125","10","115","0","0"
"1404735069","39952MD","PAS","","NY","17","POLICE DEPARTMENT","DOUBLE PARKING","HEARING HELD-NOT GUILTY","42457","11:18A","","0","0","10","115","0","125"
"1404756127","AS61SC","PAS","NY","NJ","18","POLICE DEPARTMENT","NO STANDING-DAY/TIME LIMITS","HEARING HELD-NOT GUILTY","42431","10:30P","","0","0","10","115","0","125"
"1404783374","DDC2731","PAS","NY","NY","19","OTHER/UNKNOWN AGENCIES","NO PARKING-DAY/TIME LIMITS","","42443","08:05A","","0","70","10","60","0","0"
"1404885456","13233TT","TOW","BX","NY","42","POLICE DEPARTMENT","DOUBLE PARKING","HEARING HELD-NOT GUILTY","42438","10:23A","","0","0","30","115","0","145"
"1404949987","GKZ6138","PAS","BX","NY","44","POLICE DEPARTMENT","CROSSWALK","","42449","08:55A","","0","125","10","115","0","0"
"1405000533","EAE5877","PAS","BX","NY","43","POLICE DEPARTMENT","INSP. STICKER-EXPIRED/MISSING","","42435","09:16A","","0","75","10","65","0","0"
"1405000806","GUW3545","PAS","BX","NY","43","POLICE DEPARTMENT","PEDESTRIAN RAMP","","42441","10:50P","","0","175","10","165","0","0"
"1405007229","GJL4767","PAS","BX","NY","47","POLICE DEPARTMENT","FIRE HYDRANT","","42448","12:08A","","0","125","10","115","0","0"
"1405008210","T602022C","OMT","BX","NY","47","POLICE DEPARTMENT","INSP. STICKER-EXPIRED/MISSING","HEARING HELD-NOT GUILTY","42438","03:10A","","0","0","10","65","0","75"
"1405026765","HBR6129","PAS","BX","NY","43","POLICE DEPARTMENT","NO PARKING-DAY/TIME LIMITS","","42437","12:49P","","0","90","30","60","0","0"
"1405028129","4CA574","PAS","BX","MA","43","POLICE DEPARTMENT","NO STANDING-BUS STOP","","42442","09:49P","","0","115","0","115","0","0"
"1405053811","B40FNV","PAS","BX","NJ","47","POLICE DEPARTMENT","OBSTRUCTING DRIVEWAY","","42434","03:41A","","0","105","10","95","0","0"
"1405062680","GMX1167","PAS","BX","NY","42","POLICE DEPARTMENT","REG. STICKER-EXPIRED/MISSING","","42444","07:33P","","0","75","10","65","0","0"
"1405065874","HCP1375","PAS","BX","NY","42","POLICE DEPARTMENT","CROSSWALK","","42441","01:04A","","0","125","10","115","0","0"
"1405071187","GZH8439","PAS","BX","NY","49","POLICE DEPARTMENT","FIRE HYDRANT","","42440","01:42A","","0","125","10","115","0","0"
"1405100291","P85FGX","PAS","BX","NJ","48","POLICE DEPARTMENT","FIRE HYDRANT","HEARING HELD-GUILTY","42456","05:45A","","0","115","0","115","0","0"
"1405160457","94833MA","COM","R","NY","123","POLICE DEPARTMENT","NGHT PKG ON RESID STR-COMM VEH","","42437","01:30A","","0","95","30","65","0","0"
"1405165418","C70GAP","PAS","Q","NJ","104","DEPARTMENT OF SANITATION","NO PARKING-STREET CLEANING","","42434","07:36A","","0","55","10","45","0","0"
"1405170384","78388MB","COM","Q","NY","108","DEPARTMENT OF SANITATION","NO PARKING-STREET CLEANING","HEARING HELD-NOT GUILTY","42430","09:08A","","0","0","0","45","0","45"
"1405174225","FAE3008","PAS","Q","NY","114","DEPARTMENT OF SANITATION","NO PARKING-STREET CLEANING","HEARING HELD-GUILTY","42446","03:26A","","0","45","0","45","0","0"
"1405174705","4DB955","999","Q","MA","114","DEPARTMENT OF SANITATION","NO PARKING-STREET CLEANING","","42439","09:03A","","0","55","10","45","0","0"
"1405175758","FHY6604","PAS","Q","NY","114","DEPARTMENT OF SANITATION","NO PARKING-STREET CLEANING","","42451","11:37A","","0","55","10","45","0","0"
"1405193141","HDW3246","PAS","Q","NY","110","DEPARTMENT OF SANITATION","NO PARKING-STREET CLEANING","HEARING HELD-GUILTY","42440","10:00A","","0","45","0","45","0","0"
"1405326426","HDV2680","PAS","K","NY","73","DEPARTMENT OF SANITATION","NO PARKING-STREET CLEANING","","42437","08:28A","","0","75","30","45","0","0"
"1405351081","EGY7388","PAS","K","NY","73","DEPARTMENT OF SANITATION","NO PARKING-STREET CLEANING","","42432","07:11A","","0","75","30","45","0","0"
"1405357393","T500897C","OMT","","NY","75","DEPARTMENT OF SANITATION","NO PARKING-STREET CLEANING","","42436","11:40A","","0","75","30","45","0","0"
"1405367581","521PHY","999","K","CT","81","DEPARTMENT OF SANITATION","NO PARKING-STREET CLEANING","","42446","12:47P","","0","55","10","45","0","0"
"1405372734","GXJ2022","PAS","K","NY","77","DEPARTMENT OF SANITATION","NO PARKING-STREET CLEANING","","42444","08:40A","","0","55","10","45","0","0"
"1405373969","GKE9685","PAS","K","NY","77","DEPARTMENT OF SANITATION","NO PARKING-STREET CLEANING","","42447","08:55A","","0","55","10","45","0","0"
